"","Event description","LocationLon","LocationLat","Severest event","Job satisfaction","Age","t1copeaccept","t1copeact","t1copeblame","t1copedenial","t1copediseng","t1copedistr","t1copeemosup","t1copehumor","t1copeinssup","t1copeplan","t1coperefram","t1copevent","Event disruptiveness","Education level","t1emotions","t1found","t1gender","t1jobsa","t1jobstr","t1lang","t1location","t1meansev","Event novelty","t1occ","Co-ownership","Event performance impact","t1preocc","Problem solved","Industry","t1threat","Business age","t1wofa","t2copeaccept","t2copeact","t2copeblame","t2copedenial","t2copediseng","t2copedistr","t2copeemosup","t2copehumor","t2copeinssup","t2copeplan","t2coperefram","t2copevent","t2disrup","t2emotionslast","t2evcat","t2jobsa","t2jobstr","t2novel","t2perfo","t2profskill","t2threat","t2threatlast","t2wofa","t3copeaccept","t3copeact","t3copeblame","t3copedenial","t3copediseng","t3copedistr","t3copeemosup","t3copehumor","t3copeinssup","t3copeplan","t3coperefram","t3copevent","t3disrup","t3emotionslast","t3evcat","t3jobsa","t3jobstr","t3novel","t3perfo","t3threat","t3threatlast","t3wofa","ID_code","Average event severity","Job strain"
"1","Rent of incubation space not reduced for non use during pandemic",93.7273864746094,25.9169006347656,1,4,34,3.5,3.5,1.5,1,1,2.5,4,2,4,4,3.5,1.5,5,4,2.53333333333333,1,1,0.508052863742162,1.66666666666667,3,2,2.66666666666667,1,3,2,2,NA,2,6,1.33333333333333,-91,NA,NA,NA,NA,NA,NA,NA,NA,NA,NA,NA,NA,NA,NA,1.11111111111111,NA,0.852233548012638,1.83333333333333,NA,NA,2.85714285714286,NA,2.66666666666667,NA,NA,NA,NA,NA,NA,NA,NA,NA,NA,NA,NA,NA,NA,NA,NA,0.808452276276812,2.83333333333333,NA,NA,NA,NA,NA,1001,3,2
"2","unable to find suitable financial support to run business... as the business will generate revenues may be in 6months time 
",72.8856048583984,19.0747985839844,1,3,47,2.5,4,1,1,1,1,4,1,4,4,4,3,5,4,1.6,1,1,0.282596355422602,1,3,2,5,5,1,2,5,NA,1,1,5,1614,NA,NA,NA,NA,NA,NA,NA,NA,NA,NA,NA,NA,NA,NA,NA,NA,NA,NA,NA,NA,NA,NA,NA,NA,NA,NA,NA,NA,NA,NA,NA,NA,NA,NA,NA,NA,NA,NA,NA,NA,NA,NA,NA,NA,NA,NA,1002,5,1
"3","Partnership proposal with a party",77.4028930664062,23.2546997070312,8,5,24,3,3.5,1,1.5,3.5,1,3,1,1.5,4,4,1,5,4,1,1,1,0.945624994938901,1.16666666666667,3,2,4,3,1,2,4,NA,3,3,2.33333333333333,550,NA,NA,NA,NA,NA,NA,NA,NA,NA,NA,NA,NA,NA,NA,3,NA,NA,NA,NA,NA,NA,NA,3,NA,NA,NA,NA,NA,NA,NA,NA,NA,NA,NA,NA,NA,NA,3.11111111111111,NA,0.295383367677197,1.16666666666667,NA,NA,NA,3,NA,1003,4,1
"4","many mistakes done especially in Operation",77.4028930664062,23.2546997070312,7,5,34,4,4,1,3,1,1,3,1,3,4,4,1,5,4,1,1,1,0.761735328934616,1.5,1,2,4.08333333333333,4,2,1,5,NA,4,6,4.66666666666667,1400,NA,NA,NA,NA,NA,NA,NA,NA,NA,NA,NA,NA,NA,NA,NA,NA,NA,NA,NA,NA,NA,NA,NA,NA,NA,NA,NA,NA,NA,NA,NA,NA,NA,NA,NA,NA,NA,NA,NA,NA,NA,NA,NA,NA,NA,NA,1004,4,2
"5","Web developer cheated me a i don’t have enough technical knowledge",77.3132019042969,28.4111938476562,5,4,20,2,4,3,1,1,3,3.5,1.5,4,3.5,1,2.5,5,4,3.93333333333333,1,1,-0.395462858968046,1.83333333333333,3,2,5.16666666666667,6,3,1,5,NA,4,3,4.33333333333333,-212,NA,NA,NA,NA,NA,NA,NA,NA,NA,NA,NA,NA,NA,NA,4.55555555555556,NA,-0.0593183433219137,3.5,NA,NA,2.625,NA,5,NA,NA,NA,NA,NA,NA,NA,NA,NA,NA,NA,NA,NA,NA,NA,NA,NA,NA,NA,NA,NA,NA,NA,1005,5,2
"6","clients are not paying on time",73.8553924560547,18.5196075439453,2,5,36,4,3,2,2,3,3,2.5,3,3.5,3.5,3.5,2.5,4,4,3,1,1,-0.247189921684125,1.16666666666667,3,2,4.16666666666667,5,1,2,4,NA,4,6,3.33333333333333,1339,NA,NA,NA,NA,NA,NA,NA,NA,NA,NA,NA,NA,NA,NA,NA,NA,NA,NA,NA,NA,NA,NA,NA,NA,NA,NA,NA,NA,NA,NA,NA,NA,NA,NA,NA,NA,NA,NA,NA,NA,NA,NA,NA,NA,NA,NA,1006,4,1
"7","Firstly, appointing the right person for a particular job. I appointed a designer for my logo designing and liked her work too and paid her but exactly 3 days later found someone with whom I wished I could have asked him to design the logo for my company. Maybe his skills and talent would get me a unique one but to manage everything in the budget is a task for my startup. Can't explore options as I want to but yes with time I shall. 
Same is with other jobs as well..but this doesn't stop my work but just more explorations and contacts could have make few works of mine exceptional.",73.8553924560547,18.5196075439453,1,5,22,3.5,4,1.5,1,1,1,1,1.5,2.5,4,3.5,1.5,2,4,1.73333333333333,1,2,0.156309666780377,1.5,1,2,3,3,3,1,4,NA,3,5,1,-242,NA,NA,NA,NA,NA,NA,NA,NA,NA,NA,NA,NA,NA,NA,1.66666666666667,NA,NA,NA,NA,NA,NA,NA,1.33333333333333,NA,NA,NA,NA,NA,NA,NA,NA,NA,NA,NA,NA,NA,NA,1.55555555555556,NA,NA,NA,NA,NA,NA,1.33333333333333,NA,1007,3,2
"8","Running Out of Working capital due to less revenue.",75.8538055419922,30.9120025634766,1,5,23,2.5,4,2.5,1.5,1,1,1.5,1,1.5,4,4,3,5,4,2.33333333333333,1,1,0.572694054036718,1.5,1,2,3,1,1,2,5,NA,3,5,3,-122,NA,NA,NA,NA,NA,NA,NA,NA,NA,NA,NA,NA,NA,NA,2,NA,NA,NA,NA,NA,NA,NA,3.66666666666667,NA,2.5,4,2,1,2.5,1,1.5,1,2,4,4,1,5,2.66666666666667,1,0.878942591814168,1.66666666666667,2,5,2.66666666666667,3.66666666666667,NA,1008,3,2
"9","small team",75.8307037353516,22.7165069580078,5,5,28,2,3,2,1,1,2,1,1,2.5,3,3,1,4,4,2,1,2,0.687713235018139,1.66666666666667,3,2,4.33333333333333,5,1,2,4,NA,2,1,3.33333333333333,366,NA,NA,NA,NA,NA,NA,NA,NA,NA,NA,NA,NA,NA,NA,NA,NA,NA,NA,NA,NA,NA,NA,NA,NA,NA,NA,NA,NA,NA,NA,NA,NA,NA,NA,NA,NA,NA,NA,NA,NA,NA,NA,NA,NA,NA,NA,1009,4,2
"10","Our primary production machine suffered a break down due to unforeseen circumstances. The replacement part had to be shipped from the manufacturer (spare part was not handy and cannot be bought locally) affecting loss of time and decrease in productivity.",77.2315063476562,28.6519012451172,8,5,25,2,4,1,1,1,2.5,2,1,2.5,2,3.5,1,5,4,1.46666666666667,1,1,0.699074129550292,1.33333333333333,3,2,3.33333333333333,1,3,2,4,NA,5,7,3.33333333333333,366,NA,NA,NA,NA,NA,NA,NA,NA,NA,NA,NA,NA,NA,NA,1.77777777777778,NA,NA,NA,NA,NA,NA,NA,2.66666666666667,NA,NA,NA,NA,NA,NA,NA,NA,NA,NA,NA,NA,NA,NA,1.88888888888889,NA,NA,NA,NA,NA,NA,2.33333333333333,NA,1010,3,1
"11","The machine to make the product is too expensive.",72.8856048583984,19.0747985839844,1,3,26,2,4,1,1,1,3,2.5,1.5,4,4,3,1.5,5,4,1.66666666666667,1,2,-0.170565965034596,1.66666666666667,3,2,3.16666666666667,2,2,2,4,NA,3,6,3,-334,NA,NA,NA,NA,NA,NA,NA,NA,NA,NA,NA,NA,NA,NA,1.77777777777778,NA,NA,NA,NA,NA,NA,NA,2.33333333333333,NA,NA,NA,NA,NA,NA,NA,NA,NA,NA,NA,NA,NA,NA,NA,NA,NA,NA,NA,NA,NA,NA,NA,1011,3,2
"12","Managing Cash Flow",78.4563903808594,17.3840942382812,1,5,44,3.5,4,1,2.5,1,3.5,4,4,4,4,4,2.5,4,4,2.46666666666667,1,2,1.0716525115375,1.5,1,2,4.22222222222222,5,1,2,5,NA,4,7,4.66666666666667,153,NA,NA,NA,NA,NA,NA,NA,NA,NA,NA,NA,NA,NA,NA,1.44444444444444,NA,1.04546862928155,1.33333333333333,NA,NA,2.875,NA,4,NA,NA,NA,NA,NA,NA,NA,NA,NA,NA,NA,NA,NA,NA,NA,NA,0.908638285359993,1.33333333333333,NA,NA,NA,NA,NA,1012,4,2
"13","We are unable to raise money to promote our product in the market.",78.4563903808594,17.3840942382812,1,5,36,4,4,1.5,1,1,2,3,1.5,2,3.5,4,1,5,4,2.4,1,1,0.440809810714555,1.5,3,2,5,5,1,2,5,NA,2,1,2,336,NA,NA,NA,NA,NA,NA,NA,NA,NA,NA,NA,NA,NA,NA,2.33333333333333,NA,NA,NA,NA,NA,NA,NA,1.66666666666667,NA,NA,NA,NA,NA,NA,NA,NA,NA,NA,NA,NA,NA,NA,NA,NA,NA,NA,NA,NA,NA,NA,NA,1013,5,2
"14","We had ordered our Unit to the client to fabricate before the lockdown of COVID-19 in the month of March he had completed 90% work. In the month of July Govt has unlocked the lockdown so we had approached to the vendor to complete the remaining work, as we had paid all payment in the month of March so he was trying to avoid us to delay work as he was busy in his new deals.",73.8553924560547,18.5196075439453,3,5,30,3,2,3,1.5,1,2.5,2,1,2,4,4,1.5,4,4,1.6,1,1,0.0921245631363645,1.83333333333333,3,2,3.33333333333333,3,2,1,3,NA,4,5,2.66666666666667,-365,NA,NA,NA,NA,NA,NA,NA,NA,NA,NA,NA,NA,NA,NA,NA,NA,NA,NA,NA,NA,NA,NA,NA,NA,NA,NA,NA,NA,NA,NA,NA,NA,NA,NA,NA,NA,NA,NA,NA,NA,NA,NA,NA,NA,NA,NA,1014,3,2
"15","Lack of funds to run operations regularly, paying salaries & office rent",80.923095703125,26.8392944335938,1,4,31,4,4,2,1,1.5,1.5,2,1,2.5,4,4,1.5,5,4,2.73333333333333,1,1,-0.739576393767173,2,3,2,4.66666666666667,4,1,2,5,NA,1,1,4.66666666666667,458,NA,NA,NA,NA,NA,NA,NA,NA,NA,NA,NA,NA,NA,NA,NA,NA,NA,NA,NA,NA,NA,NA,NA,NA,NA,NA,NA,NA,NA,NA,NA,NA,NA,NA,NA,NA,NA,NA,NA,NA,NA,NA,NA,NA,NA,NA,1015,5,2
"16","Problems regarding the procurement of raw material, the Latex of euphorbia royleana plants, which was hazardous to extract.",77.7063903808594,28.9799957275391,6,4,22,2.5,3,1,1,1,2,1.5,2,2,3,4,1.5,2,4,NA,1,2,0.333533960495579,2,3,2,2.66666666666667,4,3,2,2,NA,5,5,2,31,NA,NA,NA,NA,NA,NA,NA,NA,NA,NA,NA,NA,NA,NA,2.55555555555556,NA,NA,NA,NA,NA,NA,NA,2.33333333333333,NA,NA,NA,NA,NA,NA,NA,NA,NA,NA,NA,NA,NA,NA,1.77777777777778,NA,NA,NA,NA,NA,NA,1.33333333333333,NA,1016,3,2
"17","DUe to COVID, there is a rate increase of almost all raw material and logistic cost.",77.2315063476562,28.6519012451172,6,5,39,3,4,1,2.5,2,3,2.5,1,3,4,3.5,3.5,5,4,1.86666666666667,1,1,-0.242857099220249,3,3,2,3.66666666666667,1,1,1,5,NA,2,7,4.33333333333333,428,NA,NA,NA,NA,NA,NA,NA,NA,NA,NA,NA,NA,NA,NA,NA,NA,NA,NA,NA,NA,NA,NA,NA,NA,NA,NA,NA,NA,NA,NA,NA,NA,NA,NA,NA,NA,NA,NA,NA,NA,NA,NA,NA,NA,NA,NA,1017,4,3
"18","Health related matters of personal and family.",77.0281982421875,28.4597015380859,8,5,43,3,3,2,1,1,3,4,4,4,2.5,4,1.5,4,4,2.4,1,2,0.971860820037343,2,3,2,3.91666666666667,4,5,2,5,NA,4,1,1,2435,NA,NA,NA,NA,NA,NA,NA,NA,NA,NA,NA,NA,NA,NA,NA,NA,NA,NA,NA,NA,NA,NA,NA,NA,NA,NA,NA,NA,NA,NA,NA,NA,NA,NA,NA,NA,NA,NA,NA,NA,NA,NA,NA,NA,NA,NA,1018,4,2
"19","The client had internal communication issues and asked us to provide more material than agreed upon.",78.4563903808594,17.3840942382812,6,5,29,2.5,2,1,1,1,1.5,2,1,1.5,2.5,2.5,1,2,4,1.13333333333333,1,1,1.09004147813793,1,1,2,1.33333333333333,1,1,2,1,NA,5,1,1,213,NA,NA,NA,NA,NA,NA,NA,NA,NA,NA,NA,NA,NA,NA,1.44444444444444,NA,1.09124946043526,1,NA,NA,3,NA,2.33333333333333,NA,NA,NA,NA,NA,NA,NA,NA,NA,NA,NA,NA,NA,NA,NA,NA,NA,NA,NA,NA,NA,NA,NA,1019,1,1
"20","Final investment meeting",77.2315063476562,28.6519012451172,1,4,25,3,3.5,1,3,1,3,3,3.5,3,3.5,3,3,2,4,2.13333333333333,1,1,-1.27566534338379,1.66666666666667,3,2,3,3,1,2,4,NA,3,1,1,489,NA,2,3.5,1,1,1,3,3,3,3,3,2,3,5,2.44444444444444,1,-1.07683719215074,3,6,5,3,2.66666666666667,3,NA,NA,NA,NA,NA,NA,NA,NA,NA,NA,NA,NA,NA,NA,NA,NA,NA,NA,NA,NA,NA,NA,NA,1020,3,2
"21","My appraisals were out and I have got a bad rating instead of my efforts trying a new skill altogether for the company",77.3299865722656,28.5800018310547,8,5,32,4,1,1,1,2,3,2,1,1,1,1,2.5,3,4,2.46666666666667,1,1,0.238531178109842,1.33333333333333,3,2,2,1,2,2,2,NA,1,4,2,-122,NA,NA,NA,NA,NA,NA,NA,NA,NA,NA,NA,NA,NA,NA,2.11111111111111,NA,NA,NA,NA,NA,NA,NA,1.66666666666667,NA,NA,NA,NA,NA,NA,NA,NA,NA,NA,NA,NA,NA,NA,NA,NA,NA,NA,NA,NA,NA,NA,NA,1021,2,1
"22","Not having a tech team, currently we are working with a single tech personnel",73.8553924560547,18.5196075439453,5,4,34,2,3.5,1.5,1,1,1,3,1,4,3,4,1.5,5,4,1.53333333333333,1,1,-0.0766411411222231,1.83333333333333,3,2,3.33333333333333,1,1,2,4,NA,3,2,2.33333333333333,-122,NA,NA,NA,NA,NA,NA,NA,NA,NA,NA,NA,NA,NA,NA,NA,NA,NA,NA,NA,NA,NA,NA,NA,NA,NA,NA,NA,NA,NA,NA,NA,NA,NA,NA,NA,NA,NA,NA,NA,NA,NA,NA,NA,NA,NA,NA,1023,3,2
"23","I have designed a PCB using EASYEDA cloud for product prototyping, and the delivery is still pending, as shipping from china have certain issues from JLCPCB so prototype release is delayed now",76.2904052734375,9.96710205078125,6,5,49,4,4,1,2,1,3,3,1,4,4,4,2,1,4,1.26666666666667,1,1,0.612986023271713,1.33333333333333,3,2,1.66666666666667,1,1,2,3,NA,5,1,1,-273,NA,NA,NA,NA,NA,NA,NA,NA,NA,NA,NA,NA,NA,NA,1.33333333333333,NA,NA,NA,NA,NA,NA,NA,2.66666666666667,NA,NA,NA,NA,NA,NA,NA,NA,NA,NA,NA,NA,NA,NA,NA,NA,NA,NA,NA,NA,NA,NA,NA,1024,2,1
"24","There was some misunderstanding between co-founders but it has been solved through exchange of dialogue.",88.3630065917969,22.5626068115234,2,5,31,2.5,3.5,2.5,1,1,2,3,1.5,2.5,2.5,3,1,4,4,2.6,2,1,0.595415843101022,1.33333333333333,3,2,3,2,1,2,3,NA,5,6,3,609,NA,NA,NA,NA,NA,NA,NA,NA,NA,NA,NA,NA,NA,NA,NA,NA,NA,NA,NA,NA,NA,NA,NA,NA,NA,NA,NA,NA,NA,NA,NA,NA,NA,NA,NA,NA,NA,NA,NA,NA,NA,NA,NA,NA,NA,NA,1025,3,1
"25","Due to lack of proper guidance and support we face difficulty in dealing with clients and making strategy to grow our business.",77.2197875976562,28.6327056884766,5,5,25,3.5,3.5,1,1,3.5,1,3,1,3,4,3,1,5,4,2.33333333333333,1,2,0.78516223582887,1.5,3,2,3.83333333333333,4,1,2,4,NA,4,3,2.33333333333333,-334,NA,3.5,3,2.5,2.5,1,1,2.5,1,3,4,3,2,4,1.77777777777778,1,0.276289167744961,1.66666666666667,4,4,3.875,3.33333333333333,3,NA,NA,NA,NA,NA,NA,NA,NA,NA,NA,NA,NA,NA,NA,1.66666666666667,NA,-0.051029717501977,1.33333333333333,NA,NA,NA,4,NA,1026,4,2
"26","Issues on difference of opinion on product development among the founders",80.2785034179688,13.0877990722656,2,4,28,2.5,3,1,1,1,2,2,1,3,2,3,2,3,5,2.33333333333333,1,1,-0.598673946602284,1.66666666666667,1,2,3.66666666666667,4,3,2,4,NA,4,6,3.66666666666667,640,NA,NA,NA,NA,NA,NA,NA,NA,NA,NA,NA,NA,NA,NA,NA,NA,NA,NA,NA,NA,NA,NA,NA,NA,NA,NA,NA,NA,NA,NA,NA,NA,NA,NA,NA,NA,NA,NA,NA,NA,NA,NA,NA,NA,NA,NA,1027,4,2
"27","Material selection is undergoing some serious audits and we were caught unawares on the material gaps and are currently fixing the issue - hands-on",72.8856048583984,19.0747985839844,6,4,47,2.5,4,1,1,1,1.5,2,1,2,3.5,3.5,1,4,4,1.46666666666667,1,1,-0.159920329196614,1.33333333333333,1,2,3,1,1,2,4,NA,4,6,1,366,NA,NA,NA,NA,NA,NA,NA,NA,NA,NA,NA,NA,NA,NA,2.22222222222222,NA,-0.000623006281730389,1.33333333333333,NA,NA,3,NA,2.66666666666667,NA,NA,NA,NA,NA,NA,NA,NA,NA,NA,NA,NA,NA,NA,NA,NA,NA,NA,NA,NA,NA,NA,NA,1028,3,1
"28","As we have been operating a niche market with limited players over a period of 12 years. the customer understanding of technology and its pricing has been bleak , but trust has kept the business going. The business kept on improving as the customers provided us with more penetration with our technology products into their ecosystem. But, over a period of 12 years the market size of the education services that our customers provide shrunk at least 50 percent. All kinds of trust not only with us but every other vendor , department heads and employees started wavering. As the revenues shrunk 50 percent, but the customers agenda kept on to squeeze the same services at the lower costs as their perspective being of being overcharged. And also being to regain market share they need the same quality of services. But for us it has not been possible to provide the same services at lower costs. We kept on holding for past 4 years as we were getting a volume of business. But slowly the costs kept on taking a toll and we have understood that if we gave same quality of services double cost was required as we have already dented and squeezed our startup to unbearable extent in 4 years . Hence we started pushing for cost hikes, which our customers took all measures to pull down. At the end all our relationships have broken and we need to search for new market arenas for our superior products .",80.923095703125,26.8392944335938,2,5,33,4,4,1,1,1,3,4,2,1,4,4,1.5,5,4,1,1,1,-0.987547635679902,1,3,2,2.66666666666667,1,1,2,2,NA,1,1,2.33333333333333,3653,NA,NA,NA,NA,NA,NA,NA,NA,NA,NA,NA,NA,NA,NA,NA,NA,NA,NA,NA,NA,NA,NA,NA,NA,NA,NA,NA,NA,NA,NA,NA,NA,NA,NA,NA,NA,NA,NA,NA,NA,NA,NA,NA,NA,NA,NA,1030,3,1
"29","Currently we are working on our app and web development and we contacted many vendor and one  vendor has agreed but end time they increase their charges which we couldn't pay and we have to again start the process of identifying vendors",85.1347961425781,25.5908050537109,8,5,44,2,4,1.5,1.5,1,2.5,1.5,1,3,3,3.5,2,5,4,1.66666666666667,1,1,0.228694187837378,1.5,3,2,3.66666666666667,1,1,1,5,NA,5,3,4,-181,NA,NA,NA,NA,NA,NA,NA,NA,NA,NA,NA,NA,NA,NA,2.22222222222222,NA,0.053676930820508,1.66666666666667,NA,NA,3.375,NA,2.66666666666667,NA,NA,NA,NA,NA,NA,NA,NA,NA,NA,NA,NA,NA,NA,NA,NA,NA,NA,NA,NA,NA,NA,NA,1031,4,2
"30","Our head of sales and procurement met with an accident and is indisposed. This happened when my husband was in hospital while down with COVID 19. I was already preoccupied with that and his accident created a void in the team and this happened while procurement season is about to start. However, we have built certain redundancy and junior members of the team could shoulder the responsibility.",77.0281982421875,28.4597015380859,7,5,44,4,4,1,1,1,1.5,4,1.5,4,3,3.5,1,3,6,1,1,2,1.01999964777035,1,3,2,2.66666666666667,1,4,1,4,NA,5,6,1.66666666666667,974,NA,NA,NA,NA,NA,NA,NA,NA,NA,NA,NA,NA,NA,NA,2.22222222222222,NA,0.748833442667191,1.33333333333333,NA,NA,3,NA,2.66666666666667,NA,NA,NA,NA,NA,NA,NA,NA,NA,NA,NA,NA,NA,NA,NA,NA,NA,NA,NA,NA,NA,NA,NA,1032,3,1
"31","I was at the store front & customers came with a bad mood. I was polite with her & greet her as i usually do but she act with me rudely & speak with me in bad words.",72.1533050537109,21.7628936767578,2,5,29,2.5,2,1,1,2.5,2.5,1.5,2,2,3.5,3.5,2.5,1,4,2.06666666666667,1,2,0.595768402015997,1.33333333333333,3,2,1.66666666666667,1,1,2,3,NA,4,4,1.33333333333333,762,NA,NA,NA,NA,NA,NA,NA,NA,NA,NA,NA,NA,NA,NA,2.66666666666667,NA,NA,NA,NA,NA,NA,NA,2.33333333333333,NA,NA,NA,NA,NA,NA,NA,NA,NA,NA,NA,NA,NA,NA,NA,NA,NA,NA,NA,NA,NA,1,NA,1033,2,1
"32","COVID crises",77.2315063476562,28.6519012451172,8,3,27,3.5,2,1,1,3,3.5,3,3.5,3,2,3,1.5,2,4,1.33333333333333,2,1,0.00161024752256123,1,3,2,2.33333333333333,1,3,1,4,NA,2,3,3.66666666666667,428,NA,NA,NA,NA,NA,NA,NA,NA,NA,NA,NA,NA,NA,NA,NA,NA,NA,NA,NA,NA,NA,NA,NA,NA,NA,NA,NA,NA,NA,NA,NA,NA,NA,NA,NA,NA,NA,NA,NA,NA,NA,NA,NA,NA,NA,NA,1034,2,1
"33","I'm looking for funds",77.2197875976562,28.6327056884766,1,4,65,4,4,1,NA,1,3.5,3.5,1,2,4,4,1,5,4,2.93333333333333,1,1,0.174242546730262,2,1,2,4.66666666666667,4,1,1,5,NA,1,3,2.66666666666667,609,NA,NA,NA,NA,NA,NA,NA,NA,NA,NA,NA,NA,NA,NA,NA,NA,NA,NA,NA,NA,NA,NA,NA,NA,NA,NA,NA,NA,NA,NA,NA,NA,NA,NA,NA,NA,NA,NA,NA,NA,NA,NA,NA,NA,NA,NA,1035,5,2
"34","We have completed the product design and done the testing phase and we have got the result of the test. it has been very difficult to get the corrected product for more testing and launching.",77.4336853027344,28.6676940917969,1,5,23,3.5,4,3.5,1,1,1.5,4,1,4,4,4,2,5,4,1.73333333333333,1,1,0.612986023271713,2.33333333333333,3,2,4.66666666666667,4,1,2,5,NA,3,1,5,123,NA,NA,NA,NA,NA,NA,NA,NA,NA,NA,NA,NA,NA,NA,1.33333333333333,NA,NA,NA,NA,NA,NA,NA,3.66666666666667,NA,NA,NA,NA,NA,NA,NA,NA,NA,NA,NA,NA,NA,NA,1.33333333333333,NA,0.203735129986428,2.33333333333333,NA,NA,NA,4.33333333333333,NA,1036,5,2
"35","As we provide 1 on 1 live online tuitions on our platform, One of our client faced some kind of problem with the faculty allotted to their child.",77.4028930664062,23.2546997070312,6,4,22,3,4,2,1,1,3,3,1,3,3,3.5,2,5,4,2.33333333333333,1,1,0.418450721429446,1.66666666666667,1,2,3.33333333333333,1,1,1,4,NA,5,3,3,-153,NA,NA,NA,NA,NA,NA,NA,NA,NA,NA,NA,NA,NA,NA,1.88888888888889,NA,0.730778142192583,1.5,NA,NA,3,NA,2.66666666666667,NA,NA,NA,NA,NA,NA,NA,NA,NA,NA,NA,NA,NA,NA,NA,NA,NA,NA,NA,NA,NA,NA,NA,1037,3,2
"36","Due to critical timelines we are facing difficulties in getting product delivered on time, due to which internal conflicts are occurring",77.3299865722656,28.5800018310547,2,5,27,2.5,3,3.5,1,3,2,2,1.5,2.5,3.5,2.5,2,4,4,2.66666666666667,1,1,-1.17190352919895,2.5,3,2,4,4,1,2,5,NA,5,1,2,244,NA,NA,NA,NA,NA,NA,NA,NA,NA,NA,NA,NA,NA,NA,3.11111111111111,NA,-0.783809123689871,2.66666666666667,NA,NA,3,NA,3,NA,NA,NA,NA,NA,NA,NA,NA,NA,NA,NA,NA,NA,NA,NA,NA,NA,NA,NA,NA,NA,NA,NA,1038,4,2
"37","There was a meeting scheduled at 3'o clock on Monday, I reached the venue at 2:50 and the client neither responded my calls nor did he show up. I felt cheated after investing so much of my time for the requirement analysis. making PPTs for him and in the end, he didn't bother to even pick up my calls.",76.7950134277344,30.7324066162109,5,5,26,4,3,1,1,1,1.5,3,1,2,4,3,1.5,4,4,2.73333333333333,1,1,-0.151264825133081,2.16666666666667,3,2,2.66666666666667,2,1,2,2,NA,1,1,2.33333333333333,366,NA,NA,NA,NA,NA,NA,NA,NA,NA,NA,NA,NA,NA,NA,NA,NA,NA,NA,NA,NA,NA,NA,NA,NA,NA,NA,NA,NA,NA,NA,NA,NA,NA,NA,NA,NA,NA,NA,NA,NA,NA,NA,NA,NA,NA,NA,1039,3,2
"38","Office politics",75.7928009033203,26.9261016845703,2,4,39,2,2,2,2,2,2,2,2,2,2,2,2,2,5,3.46666666666667,2,1,-0.152539698213362,2.16666666666667,3,2,1.66666666666667,1,2,2,2,NA,3,3,2,-181,NA,NA,NA,NA,NA,NA,NA,NA,NA,NA,NA,NA,NA,NA,NA,NA,NA,NA,NA,NA,NA,NA,NA,NA,NA,NA,NA,NA,NA,NA,NA,NA,NA,NA,NA,NA,NA,NA,NA,NA,NA,NA,NA,NA,NA,NA,1040,2,2
"39","Small team size and absence of right talent",72.8856048583984,19.0747985839844,5,5,29,2,2,2,2,2,3,3,3,3,2,2,2,4,4,2.13333333333333,1,1,0.895143476516466,2,1,2,4,4,1,1,5,NA,3,1,2,701,NA,NA,NA,NA,NA,NA,NA,NA,NA,NA,NA,NA,NA,NA,NA,NA,NA,NA,NA,NA,NA,NA,NA,NA,NA,NA,NA,NA,NA,NA,NA,NA,NA,NA,NA,NA,NA,NA,NA,NA,NA,NA,NA,NA,NA,NA,1041,4,2
"40","Our optimum product demand on Low cost 
by farmers.",80.923095703125,26.8392944335938,6,1,39,3.5,3.5,1.5,1,1.5,3,3,1,2,3,3,2,2,4,2.26666666666667,1,1,-3.60117358254186,2.66666666666667,3,2,2.66666666666667,4,1,2,2,NA,3,6,4.66666666666667,2039,NA,NA,NA,NA,NA,NA,NA,NA,NA,NA,NA,NA,NA,NA,NA,NA,NA,NA,NA,NA,NA,NA,NA,NA,NA,NA,NA,NA,NA,NA,NA,NA,NA,NA,NA,NA,NA,NA,NA,NA,NA,NA,NA,NA,NA,NA,1042,3,3
"41","I could not supply the material as per my commitment date, because of non supply of material from our vendor.",77.2197875976562,28.6327056884766,6,5,45,1.5,3.5,1,1.5,1.5,2.5,2.5,1.5,3.5,4,3.5,2.5,3,4,2.46666666666667,1,1,0.630203644527429,1.66666666666667,1,2,3.33333333333333,3,1,2,4,NA,4,5,2.33333333333333,854,NA,NA,NA,NA,NA,NA,NA,NA,NA,NA,NA,NA,NA,NA,NA,NA,NA,NA,NA,NA,NA,NA,NA,NA,NA,NA,NA,NA,NA,NA,NA,NA,NA,NA,NA,NA,NA,NA,NA,NA,NA,NA,NA,NA,NA,NA,1043,3,2
"42","Wrong product delivered",NA,NA,7,5,20,3,4,1,1,2,1,1,1,3,2.5,2,1,2,2,1.2,1,1,0.112037433996481,1.5,3,2,3,2,3,1,5,NA,5,1,4,-212,NA,NA,NA,NA,NA,NA,NA,NA,NA,NA,NA,NA,NA,NA,3.22222222222222,NA,NA,NA,NA,NA,NA,NA,4,NA,NA,NA,NA,NA,NA,NA,NA,NA,NA,NA,NA,NA,NA,3.33333333333333,NA,NA,NA,NA,NA,NA,5,NA,1044,3,2
"43","A pump which was newly procured showed a minor malfunction.",NA,NA,6,5,33,4,3.5,1,1,3,1,3,1,3.5,4,1.5,1.5,3,5,2.2,1,1,0.612986023271713,1.5,1,2,3.33333333333333,2,1,2,5,NA,3,1,3,792,NA,3,3,1.5,1,1,1,3,1,3.5,4,3,1.5,4,2.44444444444444,1,-0.564441162447391,1.66666666666667,4,5,2.5,3.33333333333333,1,NA,NA,NA,NA,NA,NA,NA,NA,NA,NA,NA,NA,NA,NA,2.55555555555556,NA,NA,NA,NA,NA,NA,4.33333333333333,NA,1045,3,2
"44","We have partnered with Village Forest Management Committe to provide the space for setting our mini-processing unit. Now with change in leadership at District level. District forest department decided to provide the new venue and not the old which they used to give us for last 3 years.",75.7928009033203,26.9261016845703,2,4,39,3,4,1.5,1,1,3,3,1,4,4,3.5,2,5,6,2.33333333333333,1,1,-0.582627670691281,1.83333333333333,3,2,3,1,1,2,3,NA,3,6,1.66666666666667,1919,NA,NA,NA,NA,NA,NA,NA,NA,NA,NA,NA,NA,NA,NA,NA,NA,NA,NA,NA,NA,NA,NA,NA,NA,NA,NA,NA,NA,NA,NA,NA,NA,NA,NA,NA,NA,NA,NA,NA,NA,NA,NA,NA,NA,NA,NA,1046,3,2
"45","We were having very less working capital.",NA,NA,1,5,24,2.5,3,2,1,3,1,1,1,1,3,2,2,5,4,2.33333333333333,1,1,0.424763534803552,1.33333333333333,3,2,3,1,1,1,3,NA,3,6,3.33333333333333,214,NA,NA,NA,NA,NA,NA,NA,NA,NA,NA,NA,NA,NA,NA,NA,NA,NA,NA,NA,NA,NA,NA,NA,NA,NA,NA,NA,NA,NA,NA,NA,NA,NA,NA,NA,NA,NA,NA,NA,NA,NA,NA,NA,NA,NA,NA,1048,3,1
"46","I'm feeling that we need a few more people in our team to cope with logistics, marketing, and compliance management.",75.7928009033203,26.9261016845703,5,4,27,4,3.5,1,1,1,2.5,1.5,1,3.5,4,3,1,5,4,4.2,1,1,-1.44784155594094,3.16666666666667,3,2,4.5,5,1,2,5,NA,3,6,2.66666666666667,366,NA,3.5,4,1,1,1,2,2.5,1,3,4,3,1,5,4.33333333333333,1,-1.36032906608553,3.5,6,5,3.625,5,5,NA,NA,NA,NA,NA,NA,NA,NA,NA,NA,NA,NA,NA,NA,NA,NA,NA,NA,NA,NA,NA,NA,NA,1049,4,3
"47","I was in the process of closing a financing round and due to novel COVID-19 regulations this could not be done in person. We had to coordinate signatures from within and outside the Netherlands and the filing of all documents got a bit complicated.",4.96549987792969,52.3367004394531,4,4,30,4,4,1,1,2,1,2,1,3.5,4,1.5,1.5,5,5,4.46666666666667,1,1,-0.444067914215817,4,3,1,3.16666666666667,1,1,2,5,NA,5,3,4.33333333333333,0,NA,NA,NA,NA,NA,NA,NA,NA,NA,NA,NA,NA,NA,NA,3.55555555555556,NA,NA,NA,NA,NA,NA,NA,4.33333333333333,NA,NA,NA,NA,NA,NA,NA,NA,NA,NA,NA,NA,NA,NA,2.77777777777778,NA,-0.483968726265332,1.83333333333333,NA,NA,NA,4,NA,1050,3,4
"48","Postponing of potential investor negotiations could lead to financial difficulties towards the end of the year.",5.67730712890625,52.0433959960938,1,2,42,2.5,2.5,1.5,1,1,2.5,1,1,2.5,3,2.5,2,3,4,3.4,1,1,-2.11684059078059,2.5,2,1,3.66666666666667,4,1,1,4,NA,2,6,2.33333333333333,884,NA,NA,NA,NA,NA,NA,NA,NA,NA,NA,NA,NA,NA,NA,NA,NA,NA,NA,NA,NA,NA,NA,NA,NA,NA,NA,NA,NA,NA,NA,NA,NA,NA,NA,NA,NA,NA,NA,NA,NA,NA,NA,NA,NA,NA,NA,1051,4,2
"49","I closed down my office so I can save money by working from home.",6.56640625,53.2221984863281,1,3,26,3.5,4,3.5,1,1.5,4,1.5,1.5,1,4,4,2,5,4,3.33333333333333,1,1,-1.29966200552837,2.16666666666667,2,1,3.66666666666667,1,1,1,5,NA,4,1,4,-151,NA,NA,NA,NA,NA,NA,NA,NA,NA,NA,NA,NA,NA,NA,2,NA,-1.11459941807639,1.83333333333333,NA,NA,2.75,NA,2,NA,NA,NA,NA,NA,NA,NA,NA,NA,NA,NA,NA,NA,NA,NA,NA,NA,NA,NA,NA,NA,NA,NA,1052,4,2
"50","Powersupply burned out.",6.61579895019531,53.1692962646484,6,5,67,3,3,2,1.5,1,2.5,3,2,3,3,2,2,5,4,NA,1,1,NA,1.83333333333333,2,1,3,1,1,1,3,NA,1,1,1,397,NA,NA,NA,NA,NA,NA,NA,NA,NA,NA,NA,NA,NA,NA,1.22222222222222,NA,NA,NA,NA,NA,NA,NA,1.66666666666667,NA,NA,NA,NA,NA,NA,NA,NA,NA,NA,NA,NA,NA,NA,1.11111111111111,NA,NA,NA,NA,NA,NA,1,NA,1053,3,2
"51","A member of the company I do a project for had no time this week to finish the agreed task.",7.00810241699219,53.1038970947266,5,4,34,4,1,2,1,1,1,1,1,1,1,2,1,4,4,1.26666666666667,1,2,-0.0253408362700508,1.66666666666667,2,1,3.33333333333333,4,1,1,2,NA,2,3,1.33333333333333,731,NA,NA,NA,NA,NA,NA,NA,NA,NA,NA,NA,NA,NA,NA,NA,NA,NA,NA,NA,NA,NA,NA,NA,NA,NA,NA,NA,NA,NA,NA,NA,NA,NA,NA,NA,NA,NA,NA,NA,NA,NA,NA,NA,NA,NA,NA,1054,3,2
"52","Rules of partner eligibility and cost eligibility within a granted EU subsidy",6.5614013671875,53.0177001953125,4,5,38,3,4,1.5,1,1,3,4,1.5,3.5,4,2.5,1.5,5,5,2.86666666666667,1,1,0.452523264161682,1.66666666666667,3,1,4.16666666666667,4,1,2,5,NA,1,1,4.66666666666667,458,NA,NA,NA,NA,NA,NA,NA,NA,NA,NA,NA,NA,NA,NA,2.44444444444444,NA,0.000240336910248088,1.66666666666667,NA,NA,2,NA,4,NA,NA,NA,NA,NA,NA,NA,NA,NA,NA,NA,NA,NA,NA,NA,NA,NA,NA,NA,NA,NA,NA,NA,1055,4,2
"53","We are developing our own platform and due to some mistakes it was down for a few days (luckily, the platform is not really used yet).",6.53419494628906,53.2257995605469,7,5,25,4,4,3,1,1.5,1,1,2.5,1.5,3,2.5,1.5,5,4,2,1,1,0.779305509105307,1.33333333333333,2,1,3.33333333333333,2,1,2,3,NA,5,1,1.66666666666667,1004,NA,NA,NA,NA,NA,NA,NA,NA,NA,NA,NA,NA,NA,NA,2.66666666666667,NA,NA,NA,NA,NA,NA,NA,2.66666666666667,NA,NA,NA,NA,NA,NA,NA,NA,NA,NA,NA,NA,NA,NA,NA,NA,NA,NA,NA,NA,NA,NA,NA,1056,3,1
"54","Difficulty with online meetings",6.62199401855469,53.2389068603516,8,5,31,4,3,1,1,1.5,3,2,2,3,2.5,1.5,1.5,3,4,2.46666666666667,1,1,0.875583164571325,1.5,3,1,3,4,1,1,2,NA,3,1,2.66666666666667,0,NA,NA,NA,NA,NA,NA,NA,NA,NA,NA,NA,NA,NA,NA,NA,NA,NA,NA,NA,NA,NA,NA,NA,NA,NA,NA,NA,NA,NA,NA,NA,NA,NA,NA,NA,NA,NA,NA,NA,NA,NA,NA,NA,NA,NA,NA,1057,3,2
"55","A client was not in favor of implementing some advise I gave",6.56170654296875,53.1504974365234,2,4,37,2.5,2,1.5,1,1,1,2,3,1.5,1.5,1.5,1,3,5,1.2,1,1,0.0783174501792187,1.33333333333333,2,1,2.66666666666667,3,1,1,2,NA,4,2,1,31,NA,NA,NA,NA,NA,NA,NA,NA,NA,NA,NA,NA,NA,NA,NA,NA,NA,NA,NA,NA,NA,NA,NA,NA,NA,NA,NA,NA,NA,NA,NA,NA,NA,NA,NA,NA,NA,NA,NA,NA,NA,NA,NA,NA,NA,NA,1058,3,1
"56","Due to miscommunications, we put in much effort for a project, that gained us only a small donation.",6.56640625,53.2221984863281,5,3,26,3,1,2,1,1,3,3,2,3,3,2.5,2.5,2,2,2,1,1,-0.886791654306169,1.83333333333333,3,4,1.66666666666667,2,3,2,1,NA,4,3,1,153,NA,NA,NA,NA,NA,NA,NA,NA,NA,NA,NA,NA,NA,NA,NA,NA,NA,NA,NA,NA,NA,NA,NA,NA,NA,NA,NA,NA,NA,NA,NA,NA,NA,NA,NA,NA,NA,NA,NA,NA,NA,NA,NA,NA,NA,NA,1059,2,2
"57","Absence of necessary construction workers at the site",6.54330444335938,53.2274932861328,5,5,22,4,4,1,1,1,1.5,2,1,2,4,2,1.5,3,3,1.53333333333333,1,2,0.693217402826728,1.5,3,4,3,2,3,2,4,NA,4,3,1.66666666666667,153,NA,NA,NA,NA,NA,NA,NA,NA,NA,NA,NA,NA,NA,NA,NA,NA,NA,NA,NA,NA,NA,NA,NA,NA,NA,NA,NA,NA,NA,NA,NA,NA,NA,NA,NA,NA,NA,NA,NA,NA,NA,NA,NA,NA,NA,NA,1060,3,2
"58","We were not sure if we want to focus on only one task or diversify into starting a new difficult project",37.6177062988281,55.7481994628906,3,4,20,3,2.5,1.5,1,1,2.5,2.5,1,3,3,3.5,1.5,3,2,2.53333333333333,1,2,0.0443484351825499,1.83333333333333,1,3,3,1,3,2,5,NA,5,6,2.66666666666667,-273,NA,NA,NA,NA,NA,NA,NA,NA,NA,NA,NA,NA,NA,NA,NA,NA,NA,NA,NA,NA,NA,NA,NA,NA,NA,NA,NA,NA,NA,NA,NA,NA,NA,NA,NA,NA,NA,NA,NA,NA,NA,NA,NA,NA,NA,NA,1061,3,2
"59","people were sick",11.9593963623047,51.5036010742188,5,4,25,3,2.5,2.5,2.5,2.5,3,2,3,2.5,2,2.5,3,2,3,NA,1,1,-0.868651718885147,2.83333333333333,2,3,2,2,3,1,2,NA,4,6,3,-31,2.66666666666667,NA,NA,NA,NA,NA,NA,NA,NA,NA,NA,NA,NA,NA,NA,NA,NA,NA,NA,NA,NA,NA,NA,NA,NA,NA,NA,NA,NA,NA,NA,NA,NA,NA,NA,NA,NA,NA,NA,NA,NA,NA,NA,NA,NA,NA,1063,2,3
"60","I am teaching pupils who are between 12 and 19 years old. Sometimes they spontaneously cancel classes. I encounter this a problem since I am organizing and structuring the lessons quite well while also writing my bachelor thesis at the moment. Therefore, this causes stress for me and the business.",8.41140747070312,54.8610992431641,2,5,20,2.5,3,4,1.5,1,3,4,2,4,4,1,2.5,4,2,2.46666666666667,1,2,0.607129296548149,1.16666666666667,3,4,4.33333333333333,4,3,1,5,NA,2,3,4.66666666666667,-214,2.33333333333333,NA,NA,NA,NA,NA,NA,NA,NA,NA,NA,NA,NA,NA,NA,NA,NA,NA,NA,NA,NA,NA,NA,NA,NA,NA,NA,NA,NA,NA,NA,NA,NA,NA,NA,NA,NA,NA,NA,NA,NA,NA,NA,NA,NA,NA,1064,4,1
"61","Lieferanten waren sehr unzuverlässig",9.9158935546875,53.5888061523438,6,5,21,3,4,2,1,1,2,2,1.5,2,3.5,2,2,4,6,2.86666666666667,1,1,0.773448782381743,1.66666666666667,3,4,3.33333333333333,2,3,2,4,NA,4,3,3.66666666666667,974,2,NA,NA,NA,NA,NA,NA,NA,NA,NA,NA,NA,NA,NA,NA,NA,NA,NA,NA,NA,NA,NA,NA,NA,NA,NA,NA,NA,NA,NA,NA,NA,NA,NA,NA,NA,NA,NA,NA,NA,NA,NA,NA,NA,NA,NA,1065,3,2
"62","A client is asking for a LOGO idea. But my work is not entirely aligned with their expectations. My design concept is usually abstract and contemporary, whereas the client wanted something more commercial-looking.",113.25390625,23.1181030273438,2,2,24,4,3,1,1,2,2.5,4,3,2,2,3.5,2,3,4,1.93333333333333,1,2,-1.45660058774004,1.83333333333333,3,3,3.66666666666667,5,1,1,3,NA,3,3,2.66666666666667,334,2.33333333333333,NA,NA,NA,NA,NA,NA,NA,NA,NA,NA,NA,NA,NA,NA,NA,NA,NA,NA,NA,NA,NA,NA,NA,NA,NA,NA,NA,NA,NA,NA,NA,NA,NA,NA,NA,NA,NA,NA,NA,NA,NA,NA,NA,NA,NA,1066,4,2
"63","My partner told me that he no longer can take responsibility for things to do for our brand. This means that i have to take everything on myself. It was also hard to feel that he is letting go in a way of something we've built together.",6.56790161132812,53.2328948974609,2,4,26,4,2,1,1,1,1,1,1.5,1,2,3.5,2,4,4,1.66666666666667,1,2,0.412946553620857,1,1,1,3,1,5,2,4,NA,4,4,3.33333333333333,28,1.66666666666667,NA,NA,NA,NA,NA,NA,NA,NA,NA,NA,NA,NA,NA,NA,NA,NA,NA,NA,NA,NA,NA,NA,NA,NA,NA,NA,NA,NA,NA,NA,NA,NA,NA,NA,NA,NA,NA,NA,NA,NA,NA,NA,NA,NA,NA,1067,3,1
"64","Certain colleagues do not do their part in projects, causing delays and overall tensions with the coworkers",9.21989440917969,45.5050048828125,2,4,22,3,2,1,1,1.5,2.5,3,3,2,1.5,1,1.5,3,4,3,1,1,0.0309974088759473,1.33333333333333,3,4,3,4,3,2,2,NA,2,3,3,912,1.66666666666667,NA,NA,NA,NA,NA,NA,NA,NA,NA,NA,NA,NA,NA,NA,NA,NA,NA,NA,NA,NA,NA,NA,NA,NA,NA,NA,NA,NA,NA,NA,NA,NA,NA,NA,NA,NA,2,NA,NA,NA,NA,NA,NA,3.33333333333333,NA,1068,3,1
"65","Issues with legal documents that postpone important due dates",37.6177062988281,55.7481994628906,6,5,20,2,3.5,1.5,1,1,3,2,1.5,2,2,3.5,1,4,2,2.4,1,2,0.127731150992509,2.83333333333333,1,3,3,2,3,2,3,NA,2,3,1.33333333333333,-245,2.33333333333333,NA,NA,NA,NA,NA,NA,NA,NA,NA,NA,NA,NA,NA,NA,NA,NA,NA,NA,NA,NA,NA,NA,NA,NA,NA,NA,NA,NA,NA,NA,NA,NA,NA,NA,NA,NA,NA,NA,NA,NA,NA,NA,NA,NA,NA,1069,3,3
"66","Manufacturing communication problems and delays.",6.56640625,53.2221984863281,6,5,24,2.5,2,1,1,1,1,2,2,1,2.5,1.5,2.5,2,4,2.06666666666667,1,1,0.538611370440261,1.16666666666667,3,1,2.66666666666667,4,3,2,4,NA,2,1,3.66666666666667,0,2,NA,NA,NA,NA,NA,NA,NA,NA,NA,NA,NA,NA,NA,3.11111111111111,NA,0.572348792231336,1.5,NA,NA,3.125,NA,3.66666666666667,3,NA,NA,NA,NA,NA,NA,NA,NA,NA,NA,NA,NA,NA,NA,NA,NA,NA,NA,NA,NA,NA,NA,1070,3,1
"67","work with other people",2.17559814453125,41.3948974609375,7,3,21,3.5,3,3.5,1.5,2,2.5,3.5,1.5,3.5,3,2.5,3,4,3,3.26666666666667,2,2,-1.01235294339001,3.5,3,6,3.66666666666667,3,3,2,4,NA,3,2,3.66666666666667,0,2.66666666666667,NA,NA,NA,NA,NA,NA,NA,NA,NA,NA,NA,NA,NA,NA,NA,NA,NA,NA,NA,NA,NA,NA,NA,NA,NA,NA,NA,NA,NA,NA,NA,NA,NA,NA,NA,NA,NA,NA,NA,NA,NA,NA,NA,NA,NA,1071,4,4
"68","The customer was not happy with he's pasta. It was an opinion problem. He said the chicken was too dry and wanted hes money back.",4.47770690917969,51.9474945068359,7,5,33,4,2.5,1,1,1,1,1,3,1,1,3.5,1,3,6,1.2,1,1,0.939768268215337,1.16666666666667,3,1,2.33333333333333,2,1,1,2,NA,5,5,1.66666666666667,943,3,NA,NA,NA,NA,NA,NA,NA,NA,NA,NA,NA,NA,NA,NA,NA,NA,NA,NA,NA,NA,NA,NA,NA,NA,NA,NA,NA,NA,NA,NA,NA,NA,NA,NA,NA,NA,NA,NA,NA,NA,NA,NA,NA,NA,NA,1073,2,1
"69","I had a discussion with my colleague about our working hours. We had different ideas about the time we wanted to spend in our label.",10.1360015869141,54.3155059814453,2,4,23,3.5,4,3,1.5,2,3,3,2,3,4,3.5,2.5,3,4,3.06666666666667,1,1,-0.0938587623779388,1.5,3,4,3.33333333333333,3,3,2,4,NA,4,5,3.33333333333333,304,2,NA,NA,NA,NA,NA,NA,NA,NA,NA,NA,NA,NA,NA,NA,NA,NA,NA,NA,NA,NA,NA,NA,NA,NA,NA,NA,NA,NA,NA,NA,NA,NA,NA,NA,NA,NA,NA,NA,NA,NA,NA,NA,NA,NA,NA,1074,3,2
"70","Problem: Outbreak limiting the movement of agents.",4.89750671386719,52.3759002685547,6,3,36,3,3,1,1,1,1,1,1,2,3,3,1,3,5,1.8,1,1,-0.997478012823715,1,1,3,2.33333333333333,1,1,2,3,NA,3,2,1,2616,1.33333333333333,NA,NA,NA,NA,NA,NA,NA,NA,NA,NA,NA,NA,NA,2.22222222222222,NA,NA,NA,NA,NA,NA,NA,3,NA,NA,NA,NA,NA,NA,NA,NA,NA,NA,NA,NA,NA,NA,2.33333333333333,NA,-0.910449833112276,1,NA,NA,NA,1.66666666666667,1.33333333333333,1075,2,1
"71","Unsuccesful sales talk with potential client",6.53419494628906,53.2257995605469,8,4,22,3,3.5,1.5,1,1,3,2,1.5,3.5,3.5,2.5,2,3,2,2.8,1,1,0.183613309487964,1,3,1,3.33333333333333,4,3,2,3,NA,4,2,1,-184,2.33333333333333,NA,NA,NA,NA,NA,NA,NA,NA,NA,NA,NA,NA,NA,NA,NA,NA,NA,NA,NA,NA,NA,NA,NA,NA,NA,NA,NA,NA,NA,NA,NA,NA,NA,NA,NA,NA,NA,NA,NA,NA,NA,NA,NA,NA,NA,1076,3,1
"72","colleagues quits suddenly and leaved the company",13.2951049804688,52.4777069091797,2,5,38,3.5,3.5,1,1,1,1,4,2,3,1,4,2.5,4,4,2.2,1,1,0.801208511739873,1.33333333333333,3,4,3.33333333333333,3,1,2,3,NA,5,2,3.33333333333333,790,1.33333333333333,NA,NA,NA,NA,NA,NA,NA,NA,NA,NA,NA,NA,NA,NA,NA,NA,NA,NA,NA,NA,NA,NA,NA,NA,NA,NA,NA,NA,NA,NA,NA,NA,NA,NA,NA,NA,NA,NA,NA,NA,NA,NA,NA,NA,NA,1077,3,1
"73","Customers do not abide by Corona rules must be constantly admonished that food & drinks are not to be consumed outside the cafe. In the event of a complaint, a heavy fine may be imposed.",10.1156005859375,53.6470947265625,2,5,51,2.5,3,1,1.5,1,2,3,4,1,4,3.5,2,4,2,1.8,1,2,0.911189752427469,1.33333333333333,3,4,3.66666666666667,5,5,1,2,NA,4,3,2.33333333333333,609,4.66666666666667,NA,NA,NA,NA,NA,NA,NA,NA,NA,NA,NA,NA,NA,3.55555555555556,NA,NA,NA,NA,NA,NA,NA,3.33333333333333,NA,NA,NA,NA,NA,NA,NA,NA,NA,NA,NA,NA,NA,NA,NA,NA,NA,NA,NA,NA,NA,NA,NA,1078,4,1
"74","A customer relocating half of our contracted work",-0.828399658203125,52.2776947021484,8,4,23,2,3.5,1.5,1,1.5,2.5,2,2,2,3.5,1.5,1.5,3,2,2.2,2,1,-0.254321521487969,1.33333333333333,1,7,3.33333333333333,2,1,2,5,NA,1,5,3.66666666666667,7364,2,NA,NA,NA,NA,NA,NA,NA,NA,NA,NA,NA,NA,NA,2.44444444444444,NA,NA,NA,NA,NA,NA,NA,3.66666666666667,NA,NA,NA,NA,NA,NA,NA,NA,NA,NA,NA,NA,NA,NA,1.22222222222222,NA,0.1654397868797,1.16666666666667,NA,NA,NA,2,2.33333333333333,1079,3,1
"75","I played a Video streaming concert and the people from the location secretly continued filming after the concert and wanted to publish me singing other stuff for fun without my permission. I wasn‘t sure if this was good enough.",9.98829650878906,53.5886993408203,2,4,32,3,3.5,2,1,1,1.5,4,2,1.5,3,3,1.5,4,4,1.93333333333333,1,2,0.542488106253594,1.5,3,4,3.33333333333333,4,2,1,2,NA,5,3,1,1155,2,NA,NA,NA,NA,NA,NA,NA,NA,NA,NA,NA,NA,NA,1.66666666666667,NA,NA,NA,NA,NA,NA,NA,1,NA,NA,NA,NA,NA,NA,NA,NA,NA,NA,NA,NA,NA,NA,NA,NA,NA,NA,NA,NA,NA,NA,NA,1080,3,2
"76","to have miscalculated something, Account needs to be topped up again",8.41700744628906,49.0066986083984,1,4,24,1,3.5,2,2.5,1,3,3,1,2,4,2,2,4,4,1.46666666666667,2,2,0.473617621230731,1,3,4,2.83333333333333,2,3,2,3,NA,3,3,1.33333333333333,212,3.33333333333333,NA,NA,NA,NA,NA,NA,NA,NA,NA,NA,NA,NA,NA,NA,NA,NA,NA,NA,NA,NA,NA,NA,NA,NA,NA,NA,NA,NA,NA,NA,NA,NA,NA,NA,NA,NA,NA,NA,NA,NA,NA,NA,NA,NA,NA,1081,3,1
"77","Clients don't accept the common conditions of the setting.",8.73989868164062,48.7089996337891,2,5,58,2.5,3,1.5,1,1,3,3.5,1,2.5,3.5,2.5,1.5,4,4,1.2,1,2,0.968346784003205,1.16666666666667,3,4,3,2,1,1,3,NA,5,3,1.33333333333333,2892,1.66666666666667,NA,NA,NA,NA,NA,NA,NA,NA,NA,NA,NA,NA,NA,NA,NA,NA,NA,NA,NA,NA,NA,NA,NA,NA,NA,NA,NA,NA,NA,NA,NA,NA,NA,NA,NA,NA,NA,NA,NA,NA,NA,NA,NA,NA,NA,1082,3,1
"78","I had a problem when pitching the project to a potential investor. We had not yet acquired a patent for the software, as this is very difficult, and the investor misunderstood our request and offered a collaboration instead of financial aid. This made us afraid that he my raise claims.",30.5287017822266,50.4521942138672,4,4,28,1.5,4,2,1,1,1,2,1,4,3,2,2,5,4,3.06666666666667,1,1,-0.426497734045127,1.83333333333333,3,4,3.66666666666667,2,3,2,4,NA,2,1,3.66666666666667,-244,2.33333333333333,NA,NA,NA,NA,NA,NA,NA,NA,NA,NA,NA,NA,NA,NA,NA,NA,NA,NA,NA,NA,NA,NA,NA,NA,NA,NA,NA,NA,NA,NA,NA,NA,NA,NA,NA,NA,NA,NA,NA,NA,NA,NA,NA,NA,NA,1083,4,2
"79","A contact has turned down to take over the business",-4.88380432128906,36.514892578125,1,2,47,3,2.5,2.5,1,1,1,2,1,2,3.5,2.5,1,4,4,3.06666666666667,1,1,-1.47381820899576,2,3,3,3,1,2,1,4,NA,1,3,4,974,2,NA,NA,NA,NA,NA,NA,NA,NA,NA,NA,NA,NA,NA,3.55555555555556,NA,-1.61001621015358,2,NA,NA,3.5,NA,4,2,NA,NA,NA,NA,NA,NA,NA,NA,NA,NA,NA,NA,NA,NA,NA,-1.81514316111471,1.5,NA,NA,NA,NA,2,1084,3,2
"80","Due to a lack of sales we have used up a part of the capital",8.53500366210938,52.0274047851562,1,5,58,2,4,3,1,3,2.5,3.5,1,3,4,3.5,2.5,4,2,3.26666666666667,1,1,0.612986023271713,1.16666666666667,3,4,4,3,1,2,5,NA,4,2,4,821,2,NA,NA,NA,NA,NA,NA,NA,NA,NA,NA,NA,NA,NA,3.33333333333333,NA,NA,NA,NA,NA,NA,NA,3.66666666666667,NA,NA,NA,NA,NA,NA,NA,NA,NA,NA,NA,NA,NA,NA,NA,NA,NA,NA,NA,NA,NA,NA,NA,1085,4,1
"81","had an argument with a client",13.6909942626953,51.0830993652344,2,4,20,2.5,2.5,3,2,2.5,3,2,3,2,2,2.5,2,2,2,1.6,1,3,-1.05336017131917,2.16666666666667,2,2,3.33333333333333,4,2,2,4,NA,4,2,2.66666666666667,1310,3.33333333333333,NA,NA,NA,NA,NA,NA,NA,NA,NA,NA,NA,NA,NA,NA,NA,NA,NA,NA,NA,NA,NA,NA,NA,NA,NA,NA,NA,NA,NA,NA,NA,NA,NA,NA,NA,NA,NA,NA,NA,NA,NA,NA,NA,NA,NA,1086,3,2
"82","Conflict with one of the co-owners about finishing tasks on time.",6.56900024414062,53.206298828125,2,5,21,3.5,3,3,1,1,1,1,3,2,2,1,1.5,3,3,1.6,1,1,NA,1.33333333333333,2,1,3,3,3,2,3,NA,5,4,1,731,1.66666666666667,NA,NA,NA,NA,NA,NA,NA,NA,NA,NA,NA,NA,NA,NA,NA,NA,NA,NA,NA,NA,NA,NA,NA,NA,NA,NA,NA,NA,NA,NA,NA,NA,NA,NA,NA,NA,NA,NA,NA,NA,NA,NA,NA,NA,NA,1088,3,1
"83","My supplier and I could not reach a fair price for his services.",6.51080322265625,53.2333984375,2,5,52,3,3,1,1,1,3,1.5,1,2,3,2.5,1,3,4,2,1,2,0.378148611330231,1,2,1,2.66666666666667,2,2,1,3,NA,3,2,2.66666666666667,273,1,NA,NA,NA,NA,NA,NA,NA,NA,NA,NA,NA,NA,NA,NA,NA,NA,NA,NA,NA,NA,NA,NA,NA,NA,NA,NA,NA,NA,NA,NA,NA,NA,NA,NA,NA,NA,NA,NA,NA,NA,NA,NA,NA,NA,NA,1089,3,1
"84","Client gave a brief on a project. We started the presentations etc  and then we’re told that he does not have the funds to pay us",55.3087005615234,25.2633056640625,1,2,60,3,4,1,1,1,1.5,1.5,2,2,4,3,1.5,4,2,1.13333333333333,1,1,-0.526382812416632,2,1,3,4,4,1,2,4,NA,4,2,2,3045,2.33333333333333,NA,NA,NA,NA,NA,NA,NA,NA,NA,NA,NA,NA,NA,NA,NA,NA,NA,NA,NA,NA,NA,NA,NA,NA,NA,NA,NA,NA,NA,NA,NA,NA,NA,NA,NA,NA,NA,NA,NA,NA,NA,NA,NA,NA,NA,1090,4,2
"85","Stuggling to find investment for scaling up the business",6.56219482421875,53.1941986083984,1,5,27,2.5,3.5,2.5,1.5,1.5,2.5,3,2.5,4,4,3,2.5,4,4,3,1,1,0.756231161126027,2.33333333333333,1,1,4,3,3,2,5,NA,2,7,4,792,1.66666666666667,NA,NA,NA,NA,NA,NA,NA,NA,NA,NA,NA,NA,NA,NA,NA,NA,NA,NA,NA,NA,NA,NA,NA,NA,NA,NA,NA,NA,NA,NA,NA,NA,NA,NA,NA,NA,NA,NA,NA,NA,NA,NA,NA,NA,NA,1091,4,2
"86","Cash flow issues.",-2.72079467773438,54.1855926513672,1,3,23,2.5,4,2,1,1,2,1,1,3,4,1.5,2.5,5,4,3.13333333333333,1,1,-1.32894563914619,2.33333333333333,1,7,3.22222222222222,4,3,2,4,NA,3,4,3.33333333333333,2131,1.66666666666667,2.5,3,2.5,2,1,2,2,1,3,2.5,1.5,1.5,4,3.22222222222222,1,-0.75752249833073,2.16666666666667,2,4,2.625,4,4,3,NA,NA,NA,NA,NA,NA,NA,NA,NA,NA,NA,NA,NA,NA,NA,NA,NA,NA,NA,NA,NA,NA,1092,3,2
"87","Offshore auditing for legal documents.",4.86309814453125,52.3426055908203,4,5,22,3,4,1,1,2,1,2.5,1,4,2.5,2.5,1.5,5,3,2.46666666666667,1,1,0.328485879337534,1.66666666666667,1,1,3,1,3,1,5,NA,1,2,4.66666666666667,762,3.33333333333333,NA,NA,NA,NA,NA,NA,NA,NA,NA,NA,NA,NA,NA,NA,NA,NA,NA,NA,NA,NA,NA,NA,NA,NA,NA,NA,NA,NA,NA,NA,NA,NA,NA,NA,NA,NA,NA,NA,NA,NA,NA,NA,NA,NA,NA,1093,3,2
"88","You get a lot of opportunities and you really need to focus on which ones to take and which one not to take. with more personnel and support we could make a broader choice.",5.72970581054688,50.8345947265625,5,5,28,1,3,1.5,1,1,1,3.5,2,3.5,4,2,2,4,4,1.4,1,1,-0.195184499002002,2.16666666666667,2,1,4.33333333333333,4,4,2,5,NA,1,4,3,365,2.66666666666667,NA,NA,NA,NA,NA,NA,NA,NA,NA,NA,NA,NA,NA,1.11111111111111,NA,NA,NA,NA,NA,NA,NA,2.66666666666667,NA,NA,NA,NA,NA,NA,NA,NA,NA,NA,NA,NA,NA,NA,NA,NA,NA,NA,NA,NA,NA,NA,NA,1094,4,2
"89","We are going to liquidate the BV",4.68539428710938,52.4835968017578,8,3,24,3.5,2,3.5,2,3,1,2.5,2.5,3,3.5,3.5,1,2,4,1.26666666666667,1,1,-0.508709104510373,1.16666666666667,2,1,2.66666666666667,1,3,2,5,NA,3,1,2.66666666666667,610,2.33333333333333,NA,NA,NA,NA,NA,NA,NA,NA,NA,NA,NA,NA,NA,NA,NA,NA,NA,NA,NA,NA,NA,NA,NA,NA,NA,NA,NA,NA,NA,NA,NA,NA,NA,NA,NA,NA,NA,NA,NA,NA,NA,NA,NA,NA,NA,1095,3,1
"90","Fluctuations in copper prices which created a constrain during the production process.
",55.3087005615234,25.2633056640625,1,4,49,2,2.5,2,1,2,3,3.5,1,2,3.5,1.5,2.5,5,4,4.2,2,2,-0.745785679405712,2.83333333333333,3,3,4.66666666666667,4,1,1,5,NA,4,5,3.33333333333333,5328,4.66666666666667,NA,NA,NA,NA,NA,NA,NA,NA,NA,NA,NA,NA,NA,NA,NA,NA,NA,NA,NA,NA,NA,NA,NA,NA,NA,NA,NA,NA,NA,NA,NA,NA,NA,NA,NA,NA,NA,NA,NA,NA,NA,NA,NA,NA,NA,1096,5,3
"91","Unfavourable outcome from a sales meeting. Customers questioned our value proposition.",4.83839416503906,52.3520050048828,2,5,23,3,4,2,1,1,2.5,3.5,4,3.5,3.5,3.5,2,4,4,2.73333333333333,2,1,0.119884292494495,2,1,1,4,5,1,2,3,NA,4,3,1,3561,1.66666666666667,NA,NA,NA,NA,NA,NA,NA,NA,NA,NA,NA,NA,NA,NA,NA,NA,NA,NA,NA,NA,NA,NA,NA,NA,NA,NA,NA,NA,NA,NA,NA,NA,NA,NA,NA,NA,NA,NA,NA,NA,NA,NA,NA,NA,NA,1097,4,2
"92","Overworked, & underpaid employees

I haven’t had consistent help for more than 3 days out the week",-84.2950973510742,33.7657012939453,5,4,36,4,3.5,3,2,1.5,4,2,2.5,3,3.5,2,4,5,3,3.73333333333333,1,1,0.0822977137281196,2.66666666666667,1,6,4.55555555555556,6,1,1,5,NA,4,3,5,1400,4.66666666666667,NA,NA,NA,NA,NA,NA,NA,NA,NA,NA,NA,NA,NA,NA,NA,NA,NA,NA,NA,NA,NA,NA,NA,NA,NA,NA,NA,NA,NA,NA,NA,NA,NA,NA,NA,NA,NA,NA,NA,NA,NA,NA,NA,NA,NA,1098,5,3
"93","Tough onboarding process due to the chicken and egg problem, which is typical for marketplaces.",9.80160522460938,52.3135986328125,8,4,26,2,3,1.5,1,1,2.5,3.5,1,2.5,4,2,2,5,4,2.66666666666667,1,1,-0.426497734045127,1.66666666666667,3,4,5,5,2,2,5,NA,2,1,4,245,3.66666666666667,NA,NA,NA,NA,NA,NA,NA,NA,NA,NA,NA,NA,NA,NA,NA,NA,NA,NA,NA,NA,NA,NA,NA,NA,NA,NA,NA,NA,NA,NA,NA,NA,NA,NA,NA,NA,NA,NA,NA,NA,NA,NA,NA,NA,NA,1100,5,2
"94","We received a negative review from a client. This event occurred because the client wasn't informed about the unavailability of a chef. The client waited for several days and was supposed to hear from us.",4.27059936523438,52.0491943359375,2,5,24,2.5,3,3,1,1,1,2,1.5,2.5,2.5,1,1.5,3,3,2.13333333333333,1,1,0.0455096396630431,1.16666666666667,2,1,3,2,3,2,4,NA,5,5,1.33333333333333,854,2.33333333333333,NA,NA,NA,NA,NA,NA,NA,NA,NA,NA,NA,NA,NA,NA,NA,NA,NA,NA,NA,NA,NA,NA,NA,NA,NA,NA,NA,NA,NA,NA,NA,NA,NA,NA,NA,NA,NA,NA,NA,NA,NA,NA,NA,NA,NA,1101,3,1
"95","The quality of our product was not good enough. We ordered samples and they were good but when the full order was shipped to us. There were some problems with the product",9.97390747070312,53.5650939941406,6,3,21,4,3,1,1.5,2.5,1.5,1.5,1.5,2.5,3.5,2.5,2,3,4,2.13333333333333,1,1,0.00161024752256123,1.33333333333333,3,4,3,2,2,2,4,NA,3,4,3.66666666666667,579,2,NA,NA,NA,NA,NA,NA,NA,NA,NA,NA,NA,NA,NA,NA,NA,NA,NA,NA,NA,NA,NA,NA,NA,NA,NA,NA,NA,NA,NA,NA,NA,NA,NA,NA,NA,NA,NA,NA,NA,NA,NA,NA,NA,NA,NA,1102,3,1
"96","The companies weren't communicated with the Belastingdienst which could've resulted in a 5000,- fine. This was handled fast with my partner and me to avoid it.",4.92430114746094,52.3607025146484,1,2,26,3,4,2.5,1,1,2,2,1,3.5,3.5,1.5,2,4,3,2.93333333333333,1,1,-1.86361421223868,2.83333333333333,2,1,3.66666666666667,2,4,2,5,NA,5,3,2.66666666666667,396,2.33333333333333,NA,NA,NA,NA,NA,NA,NA,NA,NA,NA,NA,NA,NA,NA,NA,NA,NA,NA,NA,NA,NA,NA,NA,NA,NA,NA,NA,NA,NA,NA,NA,NA,NA,NA,NA,NA,NA,NA,NA,NA,NA,NA,NA,NA,NA,1103,4,3
"97","As this is my only mean of income so less orders can take a strain on my monthly bills.",6.60079956054688,53.2109985351562,1,4,33,3,3,2,2,1,2,3,2,2,3.5,3,1,5,6,2.6,1,2,-0.313355016238368,1.33333333333333,1,1,4,2,1,1,5,NA,3,5,3.33333333333333,610,2.66666666666667,NA,NA,NA,NA,NA,NA,NA,NA,NA,NA,NA,NA,NA,NA,NA,NA,NA,NA,NA,NA,NA,NA,NA,NA,NA,NA,NA,NA,NA,NA,NA,NA,NA,NA,NA,NA,NA,NA,NA,NA,NA,NA,NA,NA,NA,1104,4,1
"98","Panic attack",4.45620727539062,51.9297943115234,8,5,35,4,4,3,2,2.5,4,4,3,4,4,4,2.5,5,4,3.2,1,1,0.573046612951693,1.66666666666667,2,1,4.66666666666667,5,4,1,5,NA,4,1,5,31,1,NA,NA,NA,NA,NA,NA,NA,NA,NA,NA,NA,NA,NA,NA,NA,NA,NA,NA,NA,NA,NA,NA,NA,NA,NA,NA,NA,NA,NA,NA,NA,NA,NA,NA,NA,NA,NA,NA,NA,NA,NA,NA,NA,NA,NA,1105,5,2
"99","I was denied participation in the local entrepreneur program because my startup wasn't mature enough.",6.56219482421875,53.1941986083984,1,4,39,4,3.5,2,1,1,2.5,3,2.5,3,4,3.5,1.5,4,4,1.73333333333333,1,2,0.0666039967320915,1.66666666666667,3,1,3,2,2,1,3,NA,3,1,4,488,3.33333333333333,NA,NA,NA,NA,NA,NA,NA,NA,NA,NA,NA,NA,NA,NA,NA,NA,NA,NA,NA,NA,NA,NA,NA,NA,NA,NA,NA,NA,NA,NA,NA,NA,NA,NA,NA,NA,NA,NA,NA,NA,NA,NA,NA,NA,NA,1106,3,2
"100","Difficult discussions with the business partners regarding short, medium and long term product and business strategy.",7.04409790039062,52.4479064941406,2,4,53,1.5,3.5,3.5,1.5,2.5,2.5,3.5,1,3.5,3.5,3.5,3,5,4,4.2,1,1,-0.426497734045127,3.33333333333333,1,4,4.5,5,1,2,5,NA,2,1,4.33333333333333,0,2.33333333333333,3,2,2,1.5,2,4,2,1,2,1.5,2,2,3,4.11111111111111,1,-0.161508350140496,3.16666666666667,4,4,3.25,3.66666666666667,4.33333333333333,2.33333333333333,NA,NA,NA,NA,NA,NA,NA,NA,NA,NA,NA,NA,NA,NA,NA,NA,NA,NA,NA,NA,NA,NA,1107,4,3
"101","Colleague doesn't do his job well",6.58279418945312,53.2263946533203,2,5,24,3.5,4,3,1,2.5,4,2,3,2.5,4,4,2.5,4,5,2.93333333333333,1,1,0.366435157883104,1.5,2,1,4.33333333333333,5,3,2,4,NA,5,4,5,701,4.33333333333333,NA,NA,NA,NA,NA,NA,NA,NA,NA,NA,NA,NA,NA,NA,NA,NA,NA,NA,NA,NA,NA,NA,NA,NA,NA,NA,NA,NA,NA,NA,NA,NA,NA,NA,NA,NA,NA,NA,NA,NA,NA,NA,NA,NA,NA,1108,4,2
"102","Taking on wayyyy too much on my plate but what can you do on such a pandemic season. I need capital to keep moving.",24,-29,7,5,22,4,4,3,2.5,1,3.5,4,2,3,4,4,2,5,2,2.8,1,3,NA,1,1,3,4.25,6,2,1,5,NA,1,7,2.33333333333333,700,2.66666666666667,NA,NA,NA,NA,NA,NA,NA,NA,NA,NA,NA,NA,NA,NA,NA,NA,NA,NA,NA,NA,NA,NA,NA,NA,NA,NA,NA,NA,NA,NA,NA,NA,NA,NA,NA,NA,NA,NA,NA,NA,NA,NA,NA,NA,NA,1109,4,1
"103","Disagreement with licensee",13.4096984863281,52.5451049804688,8,4,38,2.5,3,1.5,1,3,2.5,3,1.5,3,3.5,3,1.5,3,6,1.26666666666667,1,1,0.307298135397137,1.33333333333333,1,3,3.66666666666667,4,1,1,4,NA,2,7,1,4140,2,NA,NA,NA,NA,NA,NA,NA,NA,NA,NA,NA,NA,NA,NA,NA,NA,NA,NA,NA,NA,NA,NA,NA,NA,NA,NA,NA,NA,NA,NA,NA,NA,NA,NA,NA,NA,NA,NA,NA,NA,NA,NA,NA,NA,NA,1110,4,1
"104","My customer had an allergic reaction and didn't get in touch afterwards",9.1199951171875,52.1752014160156,2,5,20,3.5,3.5,2,1,2.5,1.5,3,1,3,4,2.5,1.5,2,2,2,1,2,0.807884024893175,1.33333333333333,3,4,2,1,2,1,3,5,2,5,2,-335,1,NA,NA,NA,NA,NA,NA,NA,NA,NA,NA,NA,NA,NA,NA,NA,NA,NA,NA,NA,NA,NA,NA,NA,NA,NA,NA,NA,NA,NA,NA,NA,NA,NA,NA,NA,NA,NA,NA,NA,NA,NA,NA,NA,NA,NA,1111,2,1
"105","Currently missing expertise in some areas, slowing down development significantly",6.55039978027344,53.2306060791016,5,4,22,4,1.5,1,1,1,4,2.5,1,4,3.5,3,1,4,2,2.93333333333333,1,1,-1.00416366684124,2.33333333333333,3,1,3.66666666666667,5,3,2,5,5,3,3,1,-212,3.66666666666667,NA,NA,NA,NA,NA,NA,NA,NA,NA,NA,NA,NA,NA,2.77777777777778,NA,NA,NA,NA,NA,NA,NA,5,NA,NA,NA,NA,NA,NA,NA,NA,NA,NA,NA,NA,NA,NA,NA,NA,NA,NA,NA,NA,NA,NA,NA,1112,4,2
"106","did not spend money properly, business is not operating anymore (not in last week, our business was up and running from 2016-2018)",-79.5001983642578,43.6089019775391,1,4,22,4,2.5,1.5,1,2.5,1,1,1,1,2,1.5,1,5,4,2.13333333333333,2,1,0.0826502726430945,1.16666666666667,1,5,3.66666666666667,1,2,2,5,5,1,3,1,1126,1.33333333333333,NA,NA,NA,NA,NA,NA,NA,NA,NA,NA,NA,NA,NA,NA,NA,NA,NA,NA,NA,NA,NA,NA,NA,NA,NA,NA,NA,NA,NA,NA,NA,NA,NA,NA,NA,NA,NA,NA,NA,NA,NA,NA,NA,NA,NA,1116,4,1
"107","We ran out of products and had to stop advertising",14.1562042236328,57.781494140625,6,4,19,4,3,1,1.5,1,3.5,3.5,1.5,3,4,4,1.5,3,6,2.46666666666667,1,2,NA,1.5,3,3,3,1,3,2,5,5,5,5,2.66666666666667,-335,2.33333333333333,NA,NA,NA,NA,NA,NA,NA,NA,NA,NA,NA,NA,NA,3.44444444444444,NA,0.562178061306376,1.33333333333333,NA,NA,3.125,NA,4.33333333333333,NA,NA,NA,NA,NA,NA,NA,NA,NA,NA,NA,NA,NA,NA,NA,NA,NA,NA,NA,NA,NA,NA,NA,1117,3,2
"108","One of our vendors did not properly tag their products for sale in our retail store.  We use this as a backup in case the product is not entered in the system.  We had technical issues where the products where not displaying properly on the system so we removed the products from the shelf and contacted the vendor for info on price so we could sell the products.  We did not hear back until the following day when the vendors business partner contacted us in anger demanding compensation for lost sales.",-123.145599365234,49.2584075927734,2,5,23,4,2.5,1.5,1,1,2,1.5,3.5,1.5,2.5,3.5,1.5,4,4,2.13333333333333,1,1,0.532754643716698,1.5,1,5,4.33333333333333,4,2,2,5,5,5,1,1,-92,2,NA,NA,NA,NA,NA,NA,NA,NA,NA,NA,NA,NA,NA,1.66666666666667,NA,NA,NA,NA,NA,NA,NA,1,NA,NA,NA,NA,NA,NA,NA,NA,NA,NA,NA,NA,NA,NA,NA,NA,NA,NA,NA,NA,NA,NA,NA,1118,4,2
"109","As we're a young business, we're still only two people working for it, but the demands from our main client often exceed our resources.",10.0287933349609,53.5843963623047,5,4,30,3.5,3,1,1,1.5,3,3.5,2.5,2.5,2.5,2.5,2.5,5,4,2.86666666666667,1,1,0.0548905432849644,2.16666666666667,3,4,3.83333333333333,5,3,2,2,6,2,4,4.66666666666667,214,4.33333333333333,NA,NA,NA,NA,NA,NA,NA,NA,NA,NA,NA,NA,NA,NA,NA,NA,NA,NA,NA,NA,NA,NA,NA,NA,NA,NA,NA,NA,NA,NA,NA,NA,NA,NA,NA,NA,NA,NA,NA,NA,NA,NA,NA,NA,NA,1119,4,2
"110","Employees or hard to recruit Work is produce not at a normal speed. Even if we allow over time (after 35 hours/week) employees do not accept to word more. Because we are not a essential service, we do not impose. We hope!",-73.5821990966797,45.5153961181641,5,4,56,2,3.5,2,1,1,2,1.5,1,2,3,1.5,2.5,5,4,2.53333333333333,1,1,0.307298135397137,2.33333333333333,3,5,4.33333333333333,4,5,2,4,6,3,3,4,731,4.33333333333333,NA,NA,NA,NA,NA,NA,NA,NA,NA,NA,NA,NA,NA,2.33333333333333,NA,0.18798786825614,2.33333333333333,NA,NA,2.625,NA,3.33333333333333,NA,NA,NA,NA,NA,NA,NA,NA,NA,NA,NA,NA,NA,NA,NA,NA,NA,NA,NA,NA,NA,NA,NA,1120,4,2
"111","Conflict with colleagues : not exacly a conflict because I didn't tell him. But after a discussion (and It happen several times) I had a feeling  that this personn had too much principles. And that hinders me from wanting to work with this personn.",-73.5821990966797,45.5153961181641,2,4,51,3.5,2,1.5,1,3.5,3,1.5,1,1,1.5,3,3,3,4,1.93333333333333,1,2,0.0779648912642437,1.66666666666667,3,5,3,3,1,2,3,3,1,7,3.33333333333333,700,1.66666666666667,2.5,2,1,1,1.5,1.5,3,3,3,2,3,2.5,4,1.22222222222222,1,0.004864543641292,1.5,6,3,1,2.33333333333333,1.66666666666667,NA,NA,NA,NA,NA,NA,NA,NA,NA,NA,NA,NA,NA,NA,NA,NA,NA,NA,NA,NA,NA,NA,NA,1121,3,2
"112","The Boss thinks that I’m not legally capable to do the job",13.4358978271484,52.4743041992188,4,4,23,2.5,4,2,3,2,3,3.5,2,3,3.5,3.5,3,4,3,3.13333333333333,1,1,-0.0300262176489016,2.16666666666667,3,4,3,1,3,2,4,6,2,3,3,396,3,NA,NA,NA,NA,NA,NA,NA,NA,NA,NA,NA,NA,NA,NA,NA,NA,NA,NA,NA,NA,NA,NA,NA,NA,NA,NA,NA,NA,NA,NA,NA,NA,NA,NA,NA,NA,NA,NA,NA,NA,NA,NA,NA,NA,NA,1122,3,2
"113","Artwork was supplied by client, it was supposed to be sent off to printer but it was not, now we may not meet the deadline.",-79.4195022583008,43.6643981933594,7,5,32,4,3.5,3,1,1,1,1,1,1,4,2,1,5,4,1.93333333333333,1,2,0.827444336838316,1.33333333333333,1,5,4.33333333333333,4,1,2,4,2,2,4,3.66666666666667,1218,2.66666666666667,NA,NA,NA,NA,NA,NA,NA,NA,NA,NA,NA,NA,NA,NA,NA,NA,NA,NA,NA,NA,NA,NA,NA,NA,NA,NA,NA,NA,NA,NA,NA,NA,NA,NA,NA,NA,NA,NA,NA,NA,NA,NA,NA,NA,NA,1123,4,1
"114","COVID 19",9.49099731445312,51.2993011474609,8,3,56,4,4,1,2,1,3,3.5,1,2,4,3.5,2,4,4,2.26666666666667,1,1,-1.32625038954179,2.16666666666667,3,4,3,1,1,1,4,3,1,2,4.33333333333333,-182,3.33333333333333,NA,NA,NA,NA,NA,NA,NA,NA,NA,NA,NA,NA,NA,NA,NA,NA,NA,NA,NA,NA,NA,NA,NA,NA,NA,NA,NA,NA,NA,NA,NA,NA,NA,NA,NA,NA,NA,NA,NA,NA,NA,NA,NA,NA,NA,1124,3,2
"115","Working too hard and wanting too much. It caused me to burn out and become sick.",5.91459655761719,51.9806976318359,8,5,20,2,4,4,2,1,1.5,4,1.5,3,3,4,2,5,4,2.8,1,2,0.434953083990992,1.66666666666667,2,1,4,2,5,1,5,5,3,3,4.66666666666667,183,3,NA,NA,NA,NA,NA,NA,NA,NA,NA,NA,NA,NA,NA,2.66666666666667,NA,NA,NA,NA,NA,NA,NA,5,NA,NA,NA,NA,NA,NA,NA,NA,NA,NA,NA,NA,NA,NA,NA,NA,NA,NA,NA,NA,NA,NA,NA,1125,4,2
"116","When ordering the outside packaging of one of our face mask products, the manufacturer had engraved a logo different to what we specified.",4.86599731445312,52.3639984130859,6,4,19,2,4,4,2,1.5,3,1.5,2,1.5,4,2.5,3,5,2,3.06666666666667,1,2,-0.300470217446528,3,1,7,3.66666666666667,1,3,2,5,5,4,4,4.33333333333333,183,2.33333333333333,NA,NA,NA,NA,NA,NA,NA,NA,NA,NA,NA,NA,NA,NA,NA,NA,NA,NA,NA,NA,NA,NA,NA,NA,NA,NA,NA,NA,NA,NA,NA,NA,NA,NA,NA,NA,NA,NA,NA,NA,NA,NA,NA,NA,NA,1126,4,3
"117","i had a screening of one of my short films, and the quality of the video was awful, therefore it was presented badly to the people watching it, which might have led to undermining my professional skills related to what i do.",27.9167022705078,43.2167053222656,6,5,24,4,1,1,1,1,1,3,4,2,2,1,1,1,4,1.6,1,1,0.612986023271713,1.16666666666667,3,3,2,2,1,1,3,2,1,3,3,274,2.33333333333333,NA,NA,NA,NA,NA,NA,NA,NA,NA,NA,NA,NA,NA,1.88888888888889,NA,0.268862211781512,1.83333333333333,NA,NA,2.875,NA,2.33333333333333,NA,NA,NA,NA,NA,NA,NA,NA,NA,NA,NA,NA,NA,NA,NA,NA,NA,NA,NA,NA,NA,NA,NA,1127,2,1
"118","We had to lay off a lot of people because of a new business direction. Consequently we lost our team culture and some of the people that we still kept we’re not really motivated anymore. The team you build is the company that you build. So was quite a tough challenge.",13.4102935791016,52.5520935058594,8,4,22,4,4,1.5,1,3,3,4,1,4,3.5,2.5,1.5,3,3,2.4,2,1,-0.708188959775117,2.16666666666667,3,4,3,1,2,2,5,1,2,7,4,914,3.66666666666667,NA,NA,NA,NA,NA,NA,NA,NA,NA,NA,NA,NA,NA,NA,NA,NA,NA,NA,NA,NA,NA,NA,NA,NA,NA,NA,NA,NA,NA,NA,NA,NA,NA,NA,NA,NA,NA,NA,NA,NA,NA,NA,NA,NA,NA,1128,3,2
"119","Because of COVID-19 some clients did not realize projects",11.5832977294922,48.1499938964844,1,5,61,3.5,2.5,1,2.5,2.5,3,4,2,3,3.5,3,2,4,6,1.13333333333333,1,1,0.84817599412817,1.33333333333333,3,3,3.16666666666667,5,2,2,4,2,4,3,3.66666666666667,639,1.33333333333333,NA,NA,NA,NA,NA,NA,NA,NA,NA,NA,NA,NA,NA,NA,NA,NA,NA,NA,NA,NA,NA,NA,NA,NA,NA,NA,NA,NA,NA,NA,NA,NA,NA,NA,NA,NA,NA,NA,NA,NA,NA,NA,NA,NA,NA,1130,3,1
"120","an assignment (speaking job) got cancelled last minute.",6.54960632324219,53.2053985595703,8,4,30,4,2,2,1,1,2,3,1.5,1,1.5,3,2,2,6,2.2,1,2,0.313154862120701,1.33333333333333,2,1,2.66666666666667,3,4,1,3,3,4,1,1.66666666666667,214,1.33333333333333,NA,NA,NA,NA,NA,NA,NA,NA,NA,NA,NA,NA,NA,1.44444444444444,NA,NA,NA,NA,NA,NA,NA,1,NA,NA,NA,NA,NA,NA,NA,NA,NA,NA,NA,NA,NA,NA,NA,NA,NA,NA,NA,NA,NA,NA,NA,1131,3,1
"121","COVID 2nd wave hit the Netherlands. It disrupted our ability to meet up with people physically and show up to places",6.56640625,53.2221984863281,8,5,24,3.5,3.5,1.5,1,1,1.5,2.5,1.5,3.5,3,3.5,1.5,4,4,2.46666666666667,1,1,-0.0171515597212814,1.5,3,1,3.66666666666667,2,1,3,5,5,3,3,2,183,2.33333333333333,NA,NA,NA,NA,NA,NA,NA,NA,NA,NA,NA,NA,NA,2.44444444444444,NA,NA,NA,NA,NA,NA,NA,1.66666666666667,NA,NA,NA,NA,NA,NA,NA,NA,NA,NA,NA,NA,NA,NA,NA,NA,NA,NA,NA,NA,NA,NA,NA,1132,4,2
"122","Corona made it slower",6.56640625,53.2221984863281,8,5,24,3.5,4,1.5,1,1,2.5,2,NA,1.5,3,3,1.5,2,4,3.2,1,1,0.845833303438744,1.33333333333333,3,1,2.66666666666667,2,1,2,4,6,NA,4,5,183,2,NA,NA,NA,NA,NA,NA,NA,NA,NA,NA,NA,NA,NA,NA,NA,NA,NA,NA,NA,NA,NA,NA,NA,NA,NA,NA,NA,NA,NA,NA,NA,NA,NA,NA,NA,NA,NA,NA,NA,NA,NA,NA,NA,NA,NA,1133,3,1
"123","We negotiated with a new service provider (logistics) and although our PoC was aware of the time pressure that we had, he was not replying in time and it was very hard for me to get my information.",11.5832977294922,48.1499938964844,6,5,39,2,3,1,1,1,2,1.5,1,1,3,2.5,1.5,4,4,2,1,1,0.991421131982484,1.5,3,4,4.33333333333333,4,1,2,5,3,5,2,2,973,2,NA,NA,NA,NA,NA,NA,NA,NA,NA,NA,NA,NA,NA,2.88888888888889,NA,1.09399323539677,1.16666666666667,NA,NA,3,NA,4.33333333333333,NA,NA,NA,NA,NA,NA,NA,NA,NA,NA,NA,NA,NA,NA,NA,NA,NA,NA,NA,NA,NA,NA,NA,1134,4,2
"124","Co-founders long absence due to becoming a father",7.47129821777344,51.4472961425781,5,2,32,3.5,2.5,1,1,1,1,3,3,2.5,2.5,1.5,2,5,5,3.53333333333333,1,1,-2.27648456346089,4,3,4,3.91666666666667,4,1,2,5,6,4,1,3.33333333333333,731,3.66666666666667,NA,NA,NA,NA,NA,NA,NA,NA,NA,NA,NA,NA,NA,NA,NA,NA,NA,NA,NA,NA,NA,NA,NA,NA,NA,NA,NA,NA,NA,NA,NA,NA,NA,NA,NA,NA,NA,NA,NA,NA,NA,NA,NA,NA,NA,1135,4,4
"125","A client requested last-minute changes to a project, which disrupted my schedule with my other projects, which caused delays, which inevitable cut into my free time.",33.3639068603516,35.1638031005859,2,4,23,1.5,3.5,1.5,1,1,4,2,2.5,1.5,2,3,1,3,2,1.6,1,1,0.0548905432849644,1.83333333333333,1,3,3.66666666666667,5,1,1,3,5,5,7,1.66666666666667,761,3.66666666666667,NA,NA,NA,NA,NA,NA,NA,NA,NA,NA,NA,NA,NA,NA,NA,NA,NA,NA,NA,NA,NA,NA,NA,NA,NA,NA,NA,NA,NA,NA,NA,NA,NA,NA,NA,NA,NA,NA,NA,NA,NA,NA,NA,NA,NA,1136,4,2
"126","Co-workers are employed and had little time to assist",8.59519958496094,50.0971069335938,5,4,24,2.5,3,1.5,1,1,2.5,3.5,1.5,1,3,1.5,1,4,4,2.2,1,2,-0.267206320279809,2.66666666666667,1,7,3.33333333333333,4,1,2,4,2,4,5,1,973,3.66666666666667,NA,NA,NA,NA,NA,NA,NA,NA,NA,NA,NA,NA,NA,NA,NA,NA,NA,NA,NA,NA,NA,NA,NA,NA,NA,NA,NA,NA,NA,NA,NA,NA,NA,NA,NA,NA,NA,NA,NA,NA,NA,NA,NA,NA,NA,1137,3,3
"127","Products were not cleared by customs",13.4096984863281,52.5451049804688,4,5,23,2.5,3,3.5,2,2.5,3,2.5,3.5,3,3,2.5,3,5,4,2.66666666666667,1,1,0.0220827327687888,2.5,3,4,4,4,1,2,3,3,4,4,3.33333333333333,-92,3.33333333333333,NA,NA,NA,NA,NA,NA,NA,NA,NA,NA,NA,NA,NA,NA,NA,NA,NA,NA,NA,NA,NA,NA,NA,NA,NA,NA,NA,NA,NA,NA,NA,NA,NA,NA,NA,NA,NA,NA,NA,NA,NA,NA,NA,NA,NA,1138,4,2
